query,clicks,impressions,ctr,position
pdf417 generator online free,1,1,100%,56.0
micropdf417 generator,0,34,0%,89.4
pdf417 generator,0,22,0%,80.4
pdf417 barcode generator,0,19,0%,56.7
pdf417 barcode maker,0,6,0%,95.0
pdf417,0,5,0%,114.6
generate pdf417,0,4,0%,82.5
pdf417 creator,0,3,0%,81.0
create pdf417 barcode,0,3,0%,81.3
barcode generator pdf417,0,3,0%,83.7
generate pdf417 barcode,0,3,0%,92.0
barcode 417,0,3,0%,93.7
pdf417 barcode,0,3,0%,95.7
barcode generator pdf,0,2,0%,79.5
generator pdf417,0,2,0%,82.0
pdf 417 generator,0,2,0%,88.5
barcode batch separator,0,2,0%,90.0
barcode pdf417 generator,0,2,0%,90.0
qr code pdf417,0,2,0%,91.5
generator labels,0,2,0%,92.5
pdf-417 barcode,0,2,0%,94.0
pdf417 maker,0,2,0%,95.0
barcode pdf417,0,2,0%,97.5
pdf 417 barcode,0,2,0%,100.0
generate barcode pdf,0,1,0%,75.0
create pdf417,0,1,0%,80.0
pdf barcode generator,0,1,0%,81.0
online barcode generator pdf417,0,1,0%,87.0
pdf417 barcode generator online free,0,1,0%,92.0
pdf417 sample,0,1,0%,92.0
pdf417 barcode creator,0,1,0%,96.0
pdf417 barcodes,0,1,0%,100.0
