query,clicks,impressions,ctr,position,next_action
pdf417 generator online free,1,1,100%,56.0,watch
micropdf417 generator,0,34,0%,89.4,watch
pdf417 generator,0,22,0%,80.4,watch
pdf417 barcode generator,0,19,0%,56.7,watch
pdf417 barcode maker,0,6,0%,95.0,watch
pdf417,0,5,0%,114.6,watch
generate pdf417,0,4,0%,82.5,watch
pdf417 creator,0,3,0%,81.0,watch
create pdf417 barcode,0,3,0%,81.3,watch
barcode generator pdf417,0,3,0%,83.7,watch
generate pdf417 barcode,0,3,0%,92.0,watch
barcode 417,0,3,0%,93.7,watch
pdf417 barcode,0,3,0%,95.7,watch
barcode generator pdf,0,2,0%,79.5,watch
generator pdf417,0,2,0%,82.0,watch
pdf 417 generator,0,2,0%,88.5,watch
barcode batch separator,0,2,0%,90.0,watch
barcode pdf417 generator,0,2,0%,90.0,watch
qr code pdf417,0,2,0%,91.5,watch
generator labels,0,2,0%,92.5,watch
pdf-417 barcode,0,2,0%,94.0,watch
pdf417 maker,0,2,0%,95.0,watch
barcode pdf417,0,2,0%,97.5,watch
pdf 417 barcode,0,2,0%,100.0,watch
generate barcode pdf,0,1,0%,75.0,watch
create pdf417,0,1,0%,80.0,watch
pdf barcode generator,0,1,0%,81.0,watch
online barcode generator pdf417,0,1,0%,87.0,watch
pdf417 barcode generator online free,0,1,0%,92.0,watch
pdf417 sample,0,1,0%,92.0,watch
pdf417 barcode creator,0,1,0%,96.0,watch
pdf417 barcodes,0,1,0%,100.0,watch
